<?xml version="1.0" encoding="utf-8"?>
<prefix name="billingsprypay" label="SpryPay" language_tag="en" language_label="English"><key name="account_settings"><value>تنظيمات API</value></key><key name="btn_save"><value>ذخيره</value></key><key name="config_page_heading"><value>تنظيمات درگاه Payline</value></key><key name="lang"><value>زبان</value></key><key name="seccode"><value>API:</value></key><key name="spCurrency"><value>نرخ</value></key><key name="spShopId"><value>فروشگاه:</value></key><key name="tabNum"><value>صورتحساب</value></key></prefix>
