<?xml version="1.0" encoding="utf-8"?>
<prefix name="billingsprypay" label="SpryPay" language_tag="en" language_label="English"><key name="account_settings"><value>Merchant account settings</value></key><key name="btn_save"><value>Save</value></key><key name="config_page_heading"><value>SpryPay configuration</value></key><key name="lang"><value>Language</value></key><key name="seccode"><value>Secret Code:</value></key><key name="spCurrency"><value>Currency</value></key><key name="spShopId"><value>Shop ID:</value></key><key name="tabNum"><value>Home Tab</value></key></prefix>
